article_x_param,normalized_beta
0.6,-0.003763
0.8,0.281811
1.0,0.460119
1.2,0.579117
1.4,0.662566
1.6,0.723378
1.8,0.769079
2.0,0.804300
2.2,0.832024
2.4,0.854239
2.6,0.872317
2.8,0.887224
3.0,0.899663
3.2,0.910150
3.4,0.919074
